{
    "loss": 1.1411103010177612,
    "accuracy": 0.9568965435028076
}