{
    "loss": 1.357319712638855,
    "accuracy": 0.8965517282485962
}